PJ,LATITUDE,LONGITUDE
PROMOTORIA DE JUSTIÇA DE ANDRADINA,-20.890823448799644,-51.3749834875957
PROMOTORIA DE JUSTIÇA DE ARAÇATUBA,-21.22269501035656,-50.4430001736112
PROMOTORIA DE JUSTIÇA DE BILAC,-21.405886718020316,-50.473083472654906
PROMOTORIA DE JUSTIÇA DE BIRIGUI,-21.30675323983098,-50.33996844578154
PROMOTORIA DE JUSTIÇA DE BURITAMA,-21.069653773376974,-50.1485988179285
PROMOTORIA DE JUSTIÇA DE CAFELÂNDIA,-21.803786537199883,-49.60746170397818
PROMOTORIA DE JUSTIÇA DE GETULINA,-21.797424173004273,-49.93007605840178
PROMOTORIA DE JUSTIÇA DE GUARARAPES,-21.25008066917414,-50.640563884038976
PROMOTORIA DE JUSTIÇA DE ILHA SOLTEIRA,-20.42625093929306,-51.34257711008133
PROMOTORIA DE JUSTIÇA DE LINS,-21.669043996731457,-49.75613800072293
PROMOTORIA DE JUSTIÇA DE MIRANDÓPOLIS,-21.134387357852503,-51.103549165061764
PROMOTORIA DE JUSTIÇA DE PENÁPOLIS,-21.42104008885338,-50.07319057360618
PROMOTORIA DE JUSTIÇA DE PEREIRA BARRETO,-20.642444744503752,-51.10783619907969
PROMOTORIA DE JUSTIÇA DE PROMISSÃO,-21.539865172214743,-49.855028691394374
PROMOTORIA DE JUSTIÇA DE VALPARAÍSO,-21.220398563041407,-50.86688001298006
PROMOTORIA DE JUSTIÇA DE AGUDOS,-22.471398684022095,-48.992882052054156
PROMOTORIA DE JUSTIÇA DE AVARÉ,-23.08787867913325,-48.92908325184271
PROMOTORIA DE JUSTIÇA DE BARIRI,-22.073804587479,-48.74041606168288
PROMOTORIA DE JUSTIÇA DE BARRA BONITA,-22.491343978714475,-48.55880879961671
PROMOTORIA DE JUSTIÇA DE BAURU,-22.351916186996277,-49.05112789412652
PROMOTORIA DE JUSTIÇA DE BORBOREMA,-21.62087832691938,-49.07354438784947
PROMOTORIA DE JUSTIÇA DE BOTUCATU,-22.919180752793963,-48.47230993919297
PROMOTORIA DE JUSTIÇA DE CERQUEIRA CÉSAR,-23.0360984339427,-49.164002654545975
PROMOTORIA DE JUSTIÇA DE CHAVANTES,-23.035638969400367,-49.71146264072471
PROMOTORIA DE JUSTIÇA DE DOIS CÓRREGOS,-22.368880584984694,-48.38453189079647
PROMOTORIA DE JUSTIÇA DE DUARTINA,-22.413004067320305,-49.40246527369027
PROMOTORIA DE JUSTIÇA DE FARTURA,-23.392625301559566,-49.51234798534595
PROMOTORIA DE JUSTIÇA DE GÁLIA,-22.29492848109563,-49.55733972625408
PROMOTORIA DE JUSTIÇA DE GARÇA,-22.20903703401598,-49.6491263711446
PROMOTORIA DE JUSTIÇA DE IACANGA,-21.89185215196092,-49.02216190535511
PROMOTORIA DE JUSTIÇA DE IBITINGA,-21.75837505916334,-48.82632194469597
PROMOTORIA DE JUSTIÇA DE IPAUSSU (IPAUÇU),-23.057223063405864,-49.62699448422229
PROMOTORIA DE JUSTIÇA DE ITÁPOLIS,-21.59647080344286,-48.81351057739948
PROMOTORIA DE JUSTIÇA DE ITATINGA,-23.103783514692893,-48.613724599340614
PROMOTORIA DE JUSTIÇA DE JAÚ,-22.294134193092543,-48.55047556788334
PROMOTORIA DE JUSTIÇA DE LENÇÓIS PAULISTA,-22.605063199752713,-48.803974492832936
PROMOTORIA DE JUSTIÇA DE MACATUBA,-22.500800703289528,-48.70860628603063
PROMOTORIA DE JUSTIÇA DE MARÍLIA,-22.224784893220964,-49.93240500713837
PROMOTORIA DE JUSTIÇA DE OURINHOS - CÍVEL,-22.992981159412644,-49.86517911406816
PROMOTORIA DE JUSTIÇA DE PALMITAL,-22.79027477547935,-50.2131480512406
PROMOTORIA DE JUSTIÇA DE PEDERNEIRAS,-22.354219152346218,-48.77912883880188
PROMOTORIA DE JUSTIÇA DE PIRAJU,-23.195843507485204,-49.38263557444631
PROMOTORIA DE JUSTIÇA DE PIRAJUÍ,-21.997930810372335,-49.457448077827856
PROMOTORIA DE JUSTIÇA DE PIRATININGA,-22.41540521419535,-49.142702948538364
PROMOTORIA DE JUSTIÇA DE POMPÉIA,-22.109502334855172,-50.17147065703338
PROMOTORIA DE JUSTIÇA DE SANTA CRUZ DO RIO PARDO,-22.902895452897777,-49.624205301135255
PROMOTORIA DE JUSTIÇA DE SÃO MANUEL,-22.737917029749745,-48.56538864263215
PROMOTORIA DE JUSTIÇA DE AGUAÍ,-22.06691770153805,-46.981107677091536
PROMOTORIA DE JUSTIÇA DE ÁGUAS DE LINDÓIA,-22.482655213491316,-46.63546356380008
PROMOTORIA DE JUSTIÇA DE AMPARO,-22.70367650769835,-46.76589993598198
PROMOTORIA DE JUSTIÇA DE ARTUR NOGUEIRA,-22.57339204136661,-47.17380281066025
PROMOTORIA DE JUSTIÇA DE ATIBAIA,-23.113934092215537,-46.54844493394132
PROMOTORIA DE JUSTIÇA DE BRAGANÇA PAULISTA,-22.959172971192274,-46.54541549994307
PROMOTORIA DE JUSTIÇA DE CAJAMAR,-23.335167026081816,-46.8356574755142
PROMOTORIA DE JUSTIÇA DE CAMPINAS,-22.848533412599952,-47.0412557934206
PROMOTORIA DE JUSTIÇA DE CAMPO LIMPO PAULISTA,-23.203176483480288,-46.79005538590979
PROMOTORIA DE JUSTIÇA DE CONCHAL,-22.331132720601502,-47.175193281494145
PROMOTORIA DE JUSTIÇA DE COSMÓPOLIS,-22.645920692786504,-47.19572645701205
PROMOTORIA DE JUSTIÇA DE ESPÍRITO SANTO DO PINHAL,-22.195858464571515,-46.74896038241703
PROMOTORIA DE JUSTIÇA DE HORTOLÂNDIA,-22.87455028646049,-47.23388157579225
PROMOTORIA DE JUSTIÇA DE INDAIATUBA,-23.0860903392719,-47.21041054869595
PROMOTORIA DE JUSTIÇA DE ITAPIRA,-22.438545621189608,-46.82206898384602
PROMOTORIA DE JUSTIÇA DE ITATIBA,-23.007289703812273,-46.83461137073568
PROMOTORIA DE JUSTIÇA DE ITUPEVA,-23.16823720108161,-47.053446158215124
PROMOTORIA DE JUSTIÇA DE JAGUARIÚNA,-22.702538253536453,-46.9938784253523
PROMOTORIA DE JUSTIÇA DE JARINU,-23.102873809289516,-46.73381555009778
PROMOTORIA DE JUSTIÇA DE JUNDIAÍ,-23.183678713542566,-46.88653588440292
PROMOTORIA DE JUSTIÇA DE LOUVEIRA,-23.08688609971968,-46.950534054924205
PROMOTORIA DE JUSTIÇA DE MOGI GUACU,-22.368361611405078,-46.94510374859632
PROMOTORIA DE JUSTIÇA DE MOGI MIRIM,-22.440205400483396,-46.96709563816297
PROMOTORIA DE JUSTIÇA DE MONTE MOR,-22.94006255530345,-47.315345462115936
PROMOTORIA DE JUSTIÇA DE NAZARÉ PAULISTA,-23.163138610051533,-46.396923638469424
PROMOTORIA DE JUSTIÇA DE NOVA ODESSA,-22.78221350907683,-47.30215840267874
PROMOTORIA DE JUSTIÇA DE PAULÍNIA,-22.764677140617238,-47.151471194586044
PROMOTORIA DE JUSTIÇA DE PEDREIRA,-22.73747178003091,-46.893712915424274
PROMOTORIA DE JUSTIÇA DE PINHALZINHO,-22.780663762218705,-46.59238802142003
PROMOTORIA DE JUSTIÇA DE PIRACAIA,-23.05667018692358,-46.356654105233595
PROMOTORIA DE JUSTIÇA DE SÃO JOÃO DA BOA VISTA,-21.968940999875926,-46.77510065782661
PROMOTORIA DE JUSTIÇA DE SERRA NEGRA,-22.611874067833188,-46.70183183055761
PROMOTORIA DE JUSTIÇA DE SOCORRO,-22.59093660375236,-46.5299178069131
PROMOTORIA DE JUSTIÇA DE SUMARÉ,-22.81853749464074,-47.27142948350303
PROMOTORIA DE JUSTIÇA DE VALINHOS,-22.977797280068437,-47.0037885451006
PROMOTORIA DE JUSTIÇA DE VARGEM GRANDE DO SUL,-21.839636238453974,-46.89895925009347
PROMOTORIA DE JUSTIÇA DE VÁRZEA PAULISTA,-23.207554846918665,-46.84690394895341
PROMOTORIA DE JUSTIÇA DE VILA MIMOSA,-22.939805982886522,-47.08936934072631
PROMOTORIA DE JUSTIÇA DE VINHEDO,-23.03664580236691,-46.98278360804578
PROMOTORIA DE JUSTIÇA CÍVEL DO BUTANTÃ,-23.569491049796554,-46.71633945399369
PROMOTORIA DE JUSTIÇA CÍVEL DA CAPITAL,-23.552692856251724,-46.633743429486316
PROMOTORIA DE JUSTIÇA DE FALÊNCIAS DA CAPITAL,-23.552692856251724,-46.633743429486316
PROMOTORIA DE JUSTIÇA DE FAMÍLIA DA CAPITAL,-23.552692856251724,-46.633743429486316
PROMOTORIA DE JUSTIÇA DO IPIRANGA - CÍVEL,-23.582958686792594,-46.604047599146625
PROMOTORIA DE JUSTIÇA DE ITAQUERA - CÍVEL,-23.528889820000224,-46.4499520759792
PROMOTORIA DE JUSTIÇA DO JABAQUARA - CÍVEL,-23.601053810188112,-46.63484225880493
PROMOTORIA DE JUSTIÇA DA LAPA - CÍVEL,-23.520310379955113,-46.70332532680121
PROMOTORIA DE JUSTIÇA DE MANDADOS DE SEGURANÇA DA CAPITAL,-23.55197433525585,-46.636146789756225
PROMOTORIA DE JUSTIÇA DE NOSSA SENHORA DO Ó - CÍVEL,-23.49088093816369,-46.69241862304045
PROMOTORIA DE JUSTIÇA DE PENHA DE FRANÇA - CÍVEL,-23.523571728846417,-46.54652751772888
PROMOTORIA DE JUSTIÇA DE PINHEIROS - CÍVEL,-23.55246823507449,-46.6883978038949
PROMOTORIA DE JUSTIÇA DE REGISTROS PÚBLICOS DA CAPITAL,-23.552692856251724,-46.633743429486316
PROMOTORIA DE JUSTIÇA DE SANTANA - CÍVEL,-23.50826100348176,-46.66972481191092
PROMOTORIA DE JUSTIÇA DE SANTO AMARO - CÍVEL,-23.680181239440802,-46.69429818526577
PROMOTORIA DE JUSTIÇA DE SÃO MIGUEL PAULISTA - CÍVEL,-23.50946525745002,-46.4447245069296
PROMOTORIA DE JUSTIÇA DE TATUAPÉ - CÍVEL,-23.53216855512438,-46.56821587303096
PROMOTORIA DE JUSTIÇA DE VILA PRUDENTE - CÍVEL,-23.575719961702898,-46.5534989525338
PROMOTORIA DE JUSTIÇA DE ALTINÓPOLIS,-21.023705006111953,-47.373983830490076
PROMOTORIA DE JUSTIÇA DE BATATAIS,-20.887400128454992,-47.58487549853128
PROMOTORIA DE JUSTIÇA DE FRANCA,-20.518286817743675,-47.38187012755757
PROMOTORIA DE JUSTIÇA DE GUAÍRA,-20.322642965020286,-48.312156912453695
PROMOTORIA DE JUSTIÇA DE GUARÁ,-20.429333054090776,-47.826441368411515
PROMOTORIA DE JUSTIÇA DE IGARAPAVA,-20.038284243987306,-47.748987536179094
PROMOTORIA DE JUSTIÇA DE IPUÃ,-20.436784579289647,-48.01107362215502
PROMOTORIA DE JUSTIÇA DE ITUVERAVA,-20.337938441018228,-47.79295219772415
PROMOTORIA DE JUSTIÇA DE MIGUELÓPOLIS,-20.18003125068099,-48.035099054941
PROMOTORIA DE JUSTIÇA DE MORRO AGUDO,-20.727540981433837,-48.04526696316497
PROMOTORIA DE JUSTIÇA DE NUPORANGA,-20.734402111827194,-47.7518516531283
PROMOTORIA DE JUSTIÇA DE ORLÂNDIA,-20.719369781104188,-47.885818440869976
PROMOTORIA DE JUSTIÇA DE PATROCÍNIO PAULISTA,-20.64385577777086,-47.280207295109385
PROMOTORIA DE JUSTIÇA DE PEDREGULHO,-20.25745398927317,-47.47503894308731
PROMOTORIA DE JUSTIÇA DE SÃO JOAQUIM DA BARRA,-20.57134477539688,-47.86399031307795
PROMOTORIA DE JUSTIÇA DE ARUJÁ,-23.39282956894688,-46.32653796690456
PROMOTORIA DE JUSTIÇA DE BARUERI,-23.495896258885185,-46.8688556166744
PROMOTORIA DE JUSTIÇA DE CAIEIRAS,-23.3633123824008,-46.74321982751256
PROMOTORIA DE JUSTIÇA DE CARAPICUÍBA,-23.51922885231063,-46.84282383575504
PROMOTORIA DE JUSTIÇA DE COTIA,-23.60540255634029,-46.912860184534445
PROMOTORIA DE JUSTIÇA DE DIADEMA,-23.691290411957162,-46.61790440474558
PROMOTORIA DE JUSTIÇA DE EMBU DAS ARTES,-23.65505008984323,-46.85408784145601
PROMOTORIA DE JUSTIÇA DE EMBU-GUAÇU,-23.827805010683857,-46.814178727408155
PROMOTORIA DE JUSTIÇA DE FERRAZ DE VASCONCELOS,-23.54225838623681,-46.37329955810218
PROMOTORIA DE JUSTIÇA DE FRANCISCO MORATO,-23.28176097002421,-46.745979332846574
PROMOTORIA DE JUSTIÇA DE FRANCO DA ROCHA,-23.333767009207868,-46.725604415190176
PROMOTORIA DE JUSTIÇA DE GUARAREMA,-23.415473822164763,-46.03646859438681
PROMOTORIA DE JUSTIÇA DE GUARULHOS,-23.469344469642134,-46.53030097355376
PROMOTORIA DE JUSTIÇA DE ITAPECERICA DA SERRA,-23.72054655519477,-46.84569962592278
PROMOTORIA DE JUSTIÇA DE ITAPEVI,-23.55140555734111,-46.946780202683726
PROMOTORIA DE JUSTIÇA DE ITAQUAQUECETUBA,-23.483848400722323,-46.35733702231759
PROMOTORIA DE JUSTIÇA DE JANDIRA,-23.526360051370993,-46.9022276030001
PROMOTORIA DE JUSTIÇA DE MAIRIPORÃ,-23.320484605518814,-46.594075745041934
PROMOTORIA DE JUSTIÇA DE MAUÁ,-23.66728842651478,-46.464655078232624
PROMOTORIA DE JUSTIÇA DE MOGI DAS CRUZES,-23.51980480931098,-46.18176087795617
PROMOTORIA DE JUSTIÇA DE OSASCO,-23.534988264084625,-46.79153523090555
PROMOTORIA DE JUSTIÇA DE POÁ,-23.521408370674344,-46.34340140447944
PROMOTORIA DE JUSTIÇA DE RIBEIRÃO PIRES,-23.708138413935853,-46.41825628475537
PROMOTORIA DE JUSTIÇA DE RIO GRANDE DA SERRA,-23.748730420679795,-46.39991645103116
PROMOTORIA DE JUSTIÇA DE SANTA ISABEL,-23.322677843741374,-46.23090757392333
PROMOTORIA DE JUSTIÇA DE SANTANA DE PARNAÍBA,-23.447593764967934,-46.92127814654023
PROMOTORIA DE JUSTIÇA DE SANTO ANDRÉ,-23.658122443685503,-46.532494179776265
PROMOTORIA DE JUSTIÇA DE SÃO BERNARDO DO CAMPO,-23.676985565950016,-46.55850709301233
PROMOTORIA DE JUSTIÇA DE SÃO CAETANO DO SUL,-23.639493190112805,-46.57418776424304
PROMOTORIA DE JUSTIÇA DE SUZANO - CÍVEL,-23.54707870542685,-46.310500143233675
PROMOTORIA DE JUSTIÇA DE TABOÃO DA SERRA,-23.620445547718944,-46.78379240275392
PROMOTORIA DE JUSTIÇA DE VARGEM GRANDE PAULISTA,-23.611736399064984,-46.99476422078872
PROMOTORIA DE JUSTIÇA DE AMERICANA,-22.75448253716081,-47.35024403703013
PROMOTORIA DE JUSTIÇA DE ARARAS,-22.372665291360523,-47.370376144991525
PROMOTORIA DE JUSTIÇA DE BROTAS,-22.279943730906417,-48.12564610130161
PROMOTORIA DE JUSTIÇA DE CAPIVARI,-22.99962673580536,-47.50850217377353
PROMOTORIA DE JUSTIÇA DE CERQUILHO,-23.180443104018963,-47.73752270783634
PROMOTORIA DE JUSTIÇA DE CONCHAS,-23.01944063332957,-48.00057616673303
PROMOTORIA DE JUSTIÇA DE CORDEIRÓPOLIS,-22.48235619708895,-47.457276605210275
PROMOTORIA DE JUSTIÇA DE ITIRAPINA,-22.257851841136933,-47.81923408388594
PROMOTORIA DE JUSTIÇA DE LARANJAL PAULISTA,-23.0433164524101,-47.83717727973198
PROMOTORIA DE JUSTIÇA DE LEME,-22.187514885050646,-47.38161894974406
PROMOTORIA DE JUSTIÇA DE LEME,-22.181453327183778,-47.39150222630819
PROMOTORIA DE JUSTIÇA DE PIRACICABA - CÍVEL,-22.716980699957826,-47.6357737889991
PROMOTORIA DE JUSTIÇA DE RIO CLARO - CÍVEL,-22.412884629175963,-47.56230908551897
PROMOTORIA DE JUSTIÇA DE RIO DAS PEDRAS,-22.842924786592,-47.60661085587177
PROMOTORIA DE JUSTIÇA DE SANTA BÁRBARA D'OESTE,-22.75544672077643,-47.426354774221615
PROMOTORIA DE JUSTIÇA DE SÃO PEDRO,-22.550854804588813,-47.916232736001284
PROMOTORIA DE JUSTIÇA DE ADAMANTINA,-21.68811290830874,-51.071002531883316
PROMOTORIA DE JUSTIÇA DE ASSIS,-22.663988284247846,-50.41983609943175
PROMOTORIA DE JUSTIÇA DE BASTOS,-21.923762458624648,-50.73125228379733
PROMOTORIA DE JUSTIÇA DE CÂNDIDO MOTA,-22.744449131252086,-50.39147953304203
PROMOTORIA DE JUSTIÇA DE DRACENA,-21.48872967968279,-51.52541005626779
PROMOTORIA DE JUSTIÇA DE FLÓRIDA PAULISTA,-21.613224536705374,-51.173041479066974
PROMOTORIA DE JUSTIÇA DE IEPÊ,-22.661471634859293,-51.07660437292592
PROMOTORIA DE JUSTIÇA DE JUNQUEIRÓPOLIS,-21.514645304868537,-51.43873283104008
PROMOTORIA DE JUSTIÇA DE LUCÉLIA,-21.719343818864967,-51.020092264600876
PROMOTORIA DE JUSTIÇA DE MARACAÍ,-22.610266443465033,-50.66788543426881
PROMOTORIA DE JUSTIÇA DE MARTINÓPOLIS,-22.147071489489573,-51.16976219785589
PROMOTORIA DE JUSTIÇA DE MIRANTE DO PARANAPANEMA,-23.556425125638544,-46.90791077051993
PROMOTORIA DE JUSTIÇA DE OSVALDO CRUZ,-21.791103073367612,-50.88871391275028
PROMOTORIA DE JUSTIÇA DE PACAEMBU,-21.558486953413084,-51.26839028240192
PROMOTORIA DE JUSTIÇA DE PANORAMA,-21.367511614479273,-51.86166390166315
PROMOTORIA DE JUSTIÇA DE PARAGUAÇU PAULISTA,-22.421227891974635,-50.58039165297998
PROMOTORIA DE JUSTIÇA DE PIRAPOZINHO,-22.270227938637838,-51.494814435281874
PROMOTORIA DE JUSTIÇA DE PRESIDENTE BERNARDES,-22.007008447293856,-51.552110350137745
PROMOTORIA DE JUSTIÇA DE PRESIDENTE EPITÁCIO,-21.76267794389378,-52.104295600208694
PROMOTORIA DE JUSTIÇA DE PRESIDENTE PRUDENTE - CÍVEL,-22.123778644676552,-51.38368193375276
PROMOTORIA DE JUSTIÇA DE PRESIDENTE VENCESLAU,-21.880555387390547,-51.85314066429522
PROMOTORIA DE JUSTIÇA DE QUATÁ,-22.245042715669257,-50.70008393186939
PROMOTORIA DE JUSTIÇA DE RANCHARIA,-22.227899375394536,-50.89308140213815
PROMOTORIA DE JUSTIÇA DE REGENTE FEIJÓ,-22.2141131549355,-51.30215226570017
PROMOTORIA DE JUSTIÇA DE ROSANA,-22.526507495247884,-52.95029536561006
PROMOTORIA DE JUSTIÇA DE SANTO ANASTÁCIO,-21.97292896293683,-51.6516588770875
PROMOTORIA DE JUSTIÇA DE TEODORO SAMPAIO,-22.541005325774854,-52.16893558551019
PROMOTORIA DE JUSTIÇA DE TUPÃ - CÍVEL,-21.932483918265227,-50.5282982824174
PROMOTORIA DE JUSTIÇA DE TUPI PAULISTA,-21.38946387754324,-51.571929709059496
PROMOTORIA DE JUSTIÇA DE AMÉRICO BRASILIENSE,-21.72752447331318,-48.10464334569434
PROMOTORIA DE JUSTIÇA DE ARARAQUARA - CÍVEL,-21.79535424652457,-48.187577327250594
PROMOTORIA DE JUSTIÇA DE BEBEDOURO - Cível e Criminal,-20.937500783354213,-48.49774542209038
PROMOTORIA DE JUSTIÇA DE BEBEDOURO - Juizados Especiais e outras,-20.948549285595487,-48.47733367635828
PROMOTORIA DE JUSTIÇA DE BRODOWSKI,-20.987922082645547,-47.65257240008883
PROMOTORIA DE JUSTIÇA DE CACONDE,-21.528401433401996,-46.6434385552929
PROMOTORIA DE JUSTIÇA DE CAJURU,-21.27609054139886,-47.30260615529634
PROMOTORIA DE JUSTIÇA DE CASA BRANCA,-21.773520994739524,-47.08220901690008
PROMOTORIA DE JUSTIÇA DE CRAVINHOS,-21.33590052593402,-47.731361647322615
PROMOTORIA DE JUSTIÇA DE DESCALVADO,-21.90374377253778,-47.619210775555146
PROMOTORIA DE JUSTIÇA DE GUARIBA,-21.36085634833667,-48.227840622473664
PROMOTORIA DE JUSTIÇA DE IBATÉ,-21.952593073214796,-48.001440539293185
PROMOTORIA DE JUSTIÇA DE JABOTICABAL,-21.25430758051976,-48.31315723029264
PROMOTORIA DE JUSTIÇA DE JARDINÓPOLIS,-21.018142918443314,-47.764931375700414
PROMOTORIA DE JUSTIÇA DE MATÃO,-21.62023235228547,-48.34608491503702
PROMOTORIA DE JUSTIÇA DE MOCOCA,-21.454231689516586,-47.01040928303819
PROMOTORIA DE JUSTIÇA DE MONTE ALTO,-21.17725248820893,-47.81003426442409
PROMOTORIA DE JUSTIÇA DE MONTE AZUL PAULISTA,-20.904750032509646,-48.63735008267036
PROMOTORIA DE JUSTIÇA DE PIRANGI,-21.0922246878063,-48.6586280979211
PROMOTORIA DE JUSTIÇA DE PIRASSUNUNGA,-21.996461544305927,-47.423345127069524
PROMOTORIA DE JUSTIÇA DE PITANGUEIRAS,-21.009067851169945,-48.213662723343404
PROMOTORIA DE JUSTIÇA DE PONTAL,-21.026365163483646,-48.04095625672622
PROMOTORIA DE JUSTIÇA DE PORTO FERREIRA,-21.854328943586562,-47.48279465966796
PROMOTORIA DE JUSTIÇA DE RIBEIRÃO BONITO,-22.068910166399768,-48.17513218932047
PROMOTORIA DE JUSTIÇA DE RIBEIRÃO PRETO,-21.200899689069864,-47.77019180305947
PROMOTORIA DE JUSTIÇA DE SANTA CRUZ DAS PALMEIRAS,-21.826872788461223,-47.25166056227708
PROMOTORIA DE JUSTIÇA DE SANTA RITA DO PASSA QUATRO,-21.708799923174936,-47.47844848423018
PROMOTORIA DE JUSTIÇA DE SANTA ROSA DE VITERBO,-21.478601839900374,-47.36120958628209
PROMOTORIA DE JUSTIÇA DE SÃO CARLOS - CÍVEL,-22.02039175900852,-47.91227539651021
PROMOTORIA DE JUSTIÇA DE SÃO JOSÉ DO RIO PARDO,-21.59843536222215,-46.89070037937326
PROMOTORIA DE JUSTIÇA DE SÃO SEBASTIÃO DA GRAMA,-21.711179172452912,-46.8209362216364
PROMOTORIA DE JUSTIÇA DE SÃO SIMÃO,-21.476739856981638,-47.55423482705595
PROMOTORIA DE JUSTIÇA DE SERRANA,-21.20464941636086,-47.603801261056105
PROMOTORIA DE JUSTIÇA DE SERTÃOZINHO,-21.118187372331892,-47.98910881750452
PROMOTORIA DE JUSTIÇA DE TAMBAÚ,-21.70890255568375,-47.27120010463044
PROMOTORIA DE JUSTIÇA DE TAQUARITINGA,-21.41165794875737,-48.501566053323295
PROMOTORIA DE JUSTIÇA DE VIRADOURO,-20.874424683517447,-48.29821115915639
PROMOTORIA DE JUSTIÇA DE BERTIOGA,-23.85366155393976,-46.13934754788898
PROMOTORIA DE JUSTIÇA DE CUBATÃO,-23.884088701824247,-46.41839584239854
PROMOTORIA DE JUSTIÇA DE GUARUJÁ - Cível,-23.995023149825737,-46.254507796870556
PROMOTORIA DE JUSTIÇA DE ITANHAÉM,-24.179194452622884,-46.78088027630226
PROMOTORIA DE JUSTIÇA DE MONGAGUÁ,-24.088662372666477,-46.60898895757866
PROMOTORIA DE JUSTIÇA DE PERUÍBE,-24.319822205578472,-47.00230209158351
PROMOTORIA DE JUSTIÇA DE PRAIA GRANDE,-24.027697183857686,-46.497369467577606
PROMOTORIA DE JUSTIÇA DE SANTOS - CÍVEL,-23.968781551237516,-46.33436196411788
PROMOTORIA DE JUSTIÇA DE SÃO VICENTE,-23.964826153940944,-46.393631974952555
PROMOTORIA DE JUSTIÇA DE AURIFLAMA,-20.68900729751811,-50.55288784682127
PROMOTORIA DE JUSTIÇA DE BARRETOS,-20.564386181037968,-48.58285401613229
PROMOTORIA DE JUSTIÇA DE CARDOSO,-20.077715885313474,-49.912233086073996
PROMOTORIA DE JUSTIÇA DE CATANDUVA,-21.132304536493788,-48.969529752695216
PROMOTORIA DE JUSTIÇA DE COLINA,-20.71478686062842,-48.53151316065619
PROMOTORIA DE JUSTIÇA DE ESTRELA D'OESTE,-20.286595579427786,-50.40094853086611
PROMOTORIA DE JUSTIÇA DE FERNANDÓPOLIS,-20.273717269022335,-50.26028352012418
PROMOTORIA DE JUSTIÇA DE GENERAL SALGADO,-20.64540627234277,-50.37064103574765
PROMOTORIA DE JUSTIÇA DE ITAJOBI,-21.31836582517935,-49.053759533308984
PROMOTORIA DE JUSTIÇA DE JALES,-20.26468850361857,-50.55317253635885
PROMOTORIA DE JUSTIÇA DE JOSÉ BONIFÁCIO,-21.060392181652126,-49.68962286762569
PROMOTORIA DE JUSTIÇA DE MACAUBAL,-20.806891436072938,-49.96062242145133
PROMOTORIA DE JUSTIÇA DE MIRASSOL,-20.822450151442975,-49.50874143306967
PROMOTORIA DE JUSTIÇA DE MONTE APRAZÍVEL,-20.77047123771622,-49.71295757208921
PROMOTORIA DE JUSTIÇA DE NEVES PAULISTA,-20.85156371411905,-49.631010900194056
PROMOTORIA DE JUSTIÇA DE NHANDEARA,-20.695016861573574,-50.04472432311645
PROMOTORIA DE JUSTIÇA DE NOVA GRANADA,-20.534485768225395,-49.319378759460925
PROMOTORIA DE JUSTIÇA DE NOVO HORIZONTE,-21.46428506909386,-49.221301235927164
PROMOTORIA DE JUSTIÇA DE OLÍMPIA,-20.74286026792987,-48.91234334614964
PROMOTORIA DE JUSTIÇA DE OUROESTE,-19.992455226319343,-50.37851620038659
PROMOTORIA DE JUSTIÇA DE PALESTINA,-20.391917762606695,-49.43855761202269
PROMOTORIA DE JUSTIÇA DE PALMEIRA D'OESTE,-20.4171181603373,-50.760948770135855
PROMOTORIA DE JUSTIÇA DE PAULO DE FARIA,-20.032342399490542,-49.40070400019524
PROMOTORIA DE JUSTIÇA DE POTIRENDABA,-21.054062976704113,-49.371251138428676
PROMOTORIA DE JUSTIÇA DE SANTA ADÉLIA,-21.243138259872147,-48.803963439974545
PROMOTORIA DE JUSTIÇA DE SANTA FÉ DO SUL,-20.21010864277576,-50.93814337347864
PROMOTORIA DE JUSTIÇA DE TABAPUÃ,-20.96431877584761,-49.02683008240285
PROMOTORIA DE JUSTIÇA DE TANABI,-20.62275530296191,-49.64566836254104
PROMOTORIA DE JUSTIÇA DE URÂNIA,-20.245495766879568,-50.642980943518
PROMOTORIA DE JUSTIÇA DE URUPÊS,-21.199686136965166,-49.29129329745054
PROMOTORIA DE JUSTIÇA DE VOTUPORANGA,-20.42813283024499,-49.981089485524365
PROMOTORIA DE JUSTIÇA DE ANGATUBA,-23.49285631088156,-48.41390942112891
PROMOTORIA DE JUSTIÇA DE APIAÍ,-24.50988710969541,-48.84266834449202
PROMOTORIA DE JUSTIÇA DE BOITUVA,-23.282878727383576,-47.67330264616461
PROMOTORIA DE JUSTIÇA DE BURI,-23.80207781636137,-48.591403726727805
PROMOTORIA DE JUSTIÇA DE CABREÚVA,-23.250496647425102,-47.05594918319106
PROMOTORIA DE JUSTIÇA DE CAPÃO BONITO,-24.009000269863368,-48.339016679481034
PROMOTORIA DE JUSTIÇA DE CESÁRIO LANGE,-23.226810136133683,-47.953492693697875
PROMOTORIA DE JUSTIÇA DE IBIÚNA,-23.656139053765198,-47.221443137618294
PROMOTORIA DE JUSTIÇA DE ITABERÁ,-23.8605311304702,-49.13797130216017
PROMOTORIA DE JUSTIÇA DE ITAÍ,-23.423858799935577,-49.09118160225809
PROMOTORIA DE JUSTIÇA DE ITAPEVA,-23.986545281614973,-48.879707095992465
PROMOTORIA DE JUSTIÇA DE ITAPORANGA,-23.7090839778931,-49.507108934502
PROMOTORIA DE JUSTIÇA DE ITARARÉ,-24.11367851321054,-49.34092720973902
PROMOTORIA DE JUSTIÇA DE ITU,-23.25972660052781,-47.2942038211349
PROMOTORIA DE JUSTIÇA DE MAIRINQUE,-23.546110105668713,-47.183690611846515
PROMOTORIA DE JUSTIÇA DE PARANAPANEMA,-23.38685949618675,-48.72273153380074
PROMOTORIA DE JUSTIÇA DE PIEDADE,-23.714135885984437,-47.41271430018947
PROMOTORIA DE JUSTIÇA DE PILAR DO SUL,-23.814348860617947,-47.716806200205355
PROMOTORIA DE JUSTIÇA DE PORANGABA,-23.175385155307467,-48.123822034577096
PROMOTORIA DE JUSTIÇA DE PORTO FELIZ,-23.215654795104353,-47.524830890133615
PROMOTORIA DE JUSTIÇA DE SALTO,-23.205644956309637,-47.29143460312806
PROMOTORIA DE JUSTIÇA DE SALTO DE PIRAPORA,-23.644898547238743,-47.57516923156605
PROMOTORIA DE JUSTIÇA DE SÃO MIGUEL ARCANJO,-23.881503686904438,-47.99511075758884
PROMOTORIA DE JUSTIÇA DE SÃO ROQUE,-23.530718400849572,-47.13267179888653
PROMOTORIA DE JUSTIÇA DE SOROCABA,-23.47681548513431,-47.42158504019051
PROMOTORIA DE JUSTIÇA DE TAQUARITUBA,-23.535035988078114,-49.24611862397168
PROMOTORIA DE JUSTIÇA DE TATUÍ,-23.3416954644559,-47.872820017831316
PROMOTORIA DE JUSTIÇA DE TIETÊ,-23.107632175185067,-47.713496373318485
PROMOTORIA DE JUSTIÇA DE VOTORANTIM,-23.541340523843264,-47.43676802246329
PROMOTORIA DE JUSTIÇA DE APARECIDA,-22.836200382689626,-45.222558243829134
PROMOTORIA DE JUSTIÇA DE BANANAL,-22.683214632297336,-44.32232259995552
PROMOTORIA DE JUSTIÇA DE CAÇAPAVA,-23.099596778499325,-45.70272222246948
PROMOTORIA DE JUSTIÇA DE CACHOEIRA PAULISTA,-22.666158689473697,-45.00989356275064
PROMOTORIA DE JUSTIÇA DE CAMPOS DO JORDÃO,-22.739351136633218,-45.592732010431895
PROMOTORIA DE JUSTIÇA DE CARAGUATATUBA,-23.632704194868957,-45.423457917925205
PROMOTORIA DE JUSTIÇA DE CRUZEIRO,-22.565054527345488,-44.9619582703766
PROMOTORIA DE JUSTIÇA DE CUNHA,-23.076285833629495,-44.95995037992799
PROMOTORIA DE JUSTIÇA DE GUARATINGUETÁ,-22.804957313653787,-45.19108138234595
PROMOTORIA DE JUSTIÇA DE ILHABELA,-23.820596205851615,-45.36904689088734
PROMOTORIA DE JUSTIÇA DE JACAREÍ CÍVEL,-23.305488840920027,-45.976308332884436
PROMOTORIA DE JUSTIÇA DE LORENA,-22.729530969500196,-45.12530979251639
PROMOTORIA DE JUSTIÇA DE PARAIBUNA,-23.390468320912344,-45.660962692196215
PROMOTORIA DE JUSTIÇA DE PINDAMONHANGABA,-22.950606318173545,-45.483189602262975
PROMOTORIA DE JUSTIÇA DE PIQUETE,-22.610696877531396,-45.18722231561245
PROMOTORIA DE JUSTIÇA DE QUELUZ,-22.53982627541298,-44.77094765886079
PROMOTORIA DE JUSTIÇA DE ROSEIRA,-22.898642559993963,-45.3038510373775
PROMOTORIA DE JUSTIÇA DE SALESÓPOLIS,-23.532118436378877,-45.84560817684723
PROMOTORIA DE JUSTIÇA DE SANTA BRANCA,-23.39771466659573,-45.88507170262532
PROMOTORIA DE JUSTIÇA DE SÃO BENTO DO SAPUCAÍ,-22.687599378337996,-45.73161319826979
PROMOTORIA DE JUSTIÇA DE SÃO JOSÉ DOS CAMPOS,-23.220005267839802,-45.90391413417827
PROMOTORIA DE JUSTIÇA DE SÃO LUIZ DO PARAITINGA,-23.23112446725142,-45.30860722311928
PROMOTORIA DE JUSTIÇA DE SÃO SEBASTIÃO,-23.80129764861642,-45.399182716745145
PROMOTORIA DE JUSTIÇA DE TAUBATÉ - CÍVEL,-23.0126291297652,-45.54595968586246
PROMOTORIA DE JUSTIÇA DE TREMEMBÉ,-22.960357714338674,-45.54019491338083
PROMOTORIA DE JUSTIÇA DE UBATUBA,-23.448239572642738,-45.08358560696633
PROMOTORIA DE JUSTIÇA DE CANANEIA,-25.01510064784667,-47.92750349799097
PROMOTORIA DE JUSTIÇA DE ELDORADO,-24.52690329152344,-48.108231220443116
PROMOTORIA DE JUSTIÇA DE IGUAPE,-24.710932562120558,-47.55908441293328
PROMOTORIA DE JUSTIÇA DE ITARIRI,-24.290006444511324,-47.17371616890549
PROMOTORIA DE JUSTIÇA DE JACUPIRANGA,-24.696705850155706,-48.00463713837171
PROMOTORIA DE JUSTIÇA DE JUQUIÁ,-24.31823796345225,-47.632542592876746
PROMOTORIA DE JUSTIÇA DE MIRACATU,-24.281588516930476,-47.459279702979714
PROMOTORIA DE JUSTIÇA DE PARIQUERA-AÇU,-24.71521086654597,-47.880542696040855
PROMOTORIA DE JUSTIÇA DE REGISTRO,-24.49615642425698,-47.84722026592623
PROMOTORIA DE JUSTIÇA DE SÃO JOSÉ DO RIO PRETO - SEDE,-20.81552498976629,-49.38370147737348
PROMOTORIA DE JUSTIÇA DE SALTO - Juizado Especial,-23.20336494034954,-47.29611259719508
PROMOTORIA DE JUSTIÇA DE ITAPETININGA - CÍVEL,-23.572111825766314,-48.02342806978677
